{
  "timestamp": 1767607971,
  "cfg": {
    "device": "cuda",
    "csv_base": "F:\\fer-pi5\\data\\csv",
    "img_base": null,
    "save_dir": "F:\\fer-pi5\\checkpoints",
    "best_ckpt": "F:\\fer-pi5\\checkpoints\\best_model_stage2.pth",
    "batch_size": 64,
    "num_workers": 4,
    "pin_memory": true,
    "persistent_workers": true,
    "per_class_limit": 5000,
    "model_variant": "large"
  },
  "ckpt": "best_model_stage2.pth",
  "tta": 1,
  "val": {
    "loss": 0.4128807600954607,
    "acc": 0.9028856994541463,
    "f1_eval": 0.1369058442464576,
    "f1_cm": 0.8692755829383737
  },
  "test": {
    "loss": 0.40093248588924896,
    "acc": 0.9056586524677164,
    "f1_eval": 0.1369592258845362,
    "f1_cm": 0.873828739688881
  }
}